module	version	sum
filippo.io/edwards25519	v1.1.0	h1:FNf4tywRC1HmFuKW5xopWpigGjJKiJSV0Cqo0cJWDaA=
github.com/ajg/form	v1.5.1	h1:t9c7v8JUKu/XxOGBU0yjNpaMloxGEJhUkqFRq0ibGeU=
github.com/andybalholm/brotli	v1.1.0	h1:eLKJA0d02Lf0mVpIDgYnqXcUn0GqVmEFny3VuID1U3M=
github.com/anytls/sing-anytls	v0.0.11	h1:w8e9Uj1oP3m4zxkyZDewPk0EcQbvVxb7Nn+rapEx4fc=
github.com/coder/websocket	v1.8.14	h1:9L0p0iKiNOibykf283eHkKUHHrpG7f65OE3BhhO7v9g=
github.com/cretz/bine	v0.2.0	h1:8GiDRGlTgz+o8H9DSnsl+5MeBK4HsExxgl6WgzOCuZo=
github.com/database64128/netx-go	v0.1.1	h1:dT5LG7Gs7zFZBthFBbzWE6K8wAHjSNAaK7wCYZT7NzM=
github.com/database64128/tfo-go/v2	v2.3.2	h1:UhZMKiMq3swZGUiETkLBDzQnZBPSAeBMClpJGlnJ5Fw=
github.com/florianl/go-nfqueue/v2	v2.0.2	h1:FL5lQTeetgpCvac1TRwSfgaXUn0YSO7WzGvWNIp3JPE=
github.com/fsnotify/fsnotify	v1.9.0	h1:2Ml+OJNzbYCTzsxtv8vKSFD9PbJjmhYF14k/jKC7S9k=
github.com/fxamacker/cbor/v2	v2.7.0	h1:iM5WgngdRBanHcxugY4JySA0nk1wZorNOpTgCMedv5E=
github.com/gaissmai/bart	v0.18.0	h1:jQLBT/RduJu0pv/tLwXE+xKPgtWJejbxuXAR+wLJafo=
github.com/go-chi/chi/v5	v5.2.5	h1:Eg4myHZBjyvJmAFjFvWgrqDTXFyOzjj7YIm3L3mu6Ug=
github.com/go-chi/render	v1.0.3	h1:AsXqd2a1/INaIfUSKq3G5uA8weYx20FOsM7uSoCyyt4=
github.com/go-json-experiment/json	v0.0.0-20250813024750-ebf49471dced	h1:Q311OHjMh/u5E2TITc++WlTP5We0xNseRMkHDyvhW7I=
github.com/gobwas/httphead	v0.1.0	h1:exrUm0f4YX0L7EBwZHuCF4GDp8aJfVeBrlLQrs6NqWU=
github.com/gobwas/pool	v0.2.1	h1:xfeeEhW7pwmX8nuLVlqbzVc7udMDrwetjEv+TZIz1og=
github.com/godbus/dbus/v5	v5.2.2	h1:TUR3TgtSVDmjiXOgAAyaZbYmIeP3DPkld3jgKGV8mXQ=
github.com/gofrs/uuid/v5	v5.4.0	h1:EfbpCTjqMuGyq5ZJwxqzn3Cbr2d0rUZU7v5ycAk/e/0=
github.com/golang/groupcache	v0.0.0-20210331224755-41bb18bfe9da	h1:oI5xCqsCo564l8iNU+DwB5epxmsaqB+rhGL0m5jtYqE=
github.com/google/btree	v1.1.3	h1:CVpQJjYgC4VbzxeGVHfvZrv1ctoYCAI8vbl07Fcxlyg=
github.com/hashicorp/yamux	v0.1.2	h1:XtB8kyFOyHXYVFnwT5C3+Bdo8gArse7j2AQ0DA0Uey8=
github.com/hdevalence/ed25519consensus	v0.2.0	h1:37ICyZqdyj0lAZ8P4D1d1id3HqbbG1N3iBb1Tb4rdcU=
github.com/klauspost/compress	v1.18.0	h1:c/Cqfb0r+Yi+JtIEq73FWXVkRonBlf0CRNYc8Zttxdo=
github.com/klauspost/cpuid/v2	v2.3.0	h1:S4CRMLnYUhGeDFDqkGriYKdfoFlDnMtqTiI/sFzhA9Y=
github.com/logrusorgru/aurora	v2.0.3+incompatible	h1:tOpm7WcpBTn4fjmVfgpQq0EfczGlG91VSDkswnjF5A8=
github.com/mdlayher/netlink	v1.9.0	h1:G8+GLq2x3v4D4MVIqDdNUhTUC7TKiCy/6MDkmItfKco=
github.com/mdlayher/socket	v0.5.1	h1:VZaqt6RkGkt2OE9l3GcC6nZkqD3xKeQLyfleW/uBcos=
github.com/metacubex/utls	v1.8.4	h1:HmL9nUApDdWSkgUyodfwF6hSjtiwCGGdyhaSpEejKpg=
github.com/miekg/dns	v1.1.72	h1:vhmr+TF2A3tuoGNkLDFK9zi36F2LS+hKTRW0Uf8kbzI=
github.com/pires/go-proxyproto	v0.8.1	h1:9KEixbdJfhrbtjpz/ZwCdWDD2Xem0NZ38qMYaASJgp0=
github.com/quic-go/qpack	v0.6.0	h1:g7W+BMYynC1LbYLSqRt8PBg5Tgwxn214ZZR34VIOjz8=
github.com/sagernet/bbolt	v0.0.0-20231014093535-ea5cb2fe9f0a	h1:+NkI2670SQpQWvkkD2QgdTuzQG263YZ+2emfpeyGqW0=
github.com/sagernet/cors	v1.2.1	h1:Cv5Z8y9YSD6Gm+qSpNrL3LO4lD3eQVvbFYJSG7JCMHQ=
github.com/sagernet/cronet-go	v0.0.0-20260620140045-05ab0dc17597	h1:QkwE/ZFnShDuPF+ExmAyZlQaMwFNgkYZMekrabiStfg=
github.com/sagernet/cronet-go/all	v0.0.0-20260620140045-05ab0dc17597	h1:cLALmGKP9eOS8622gWQIiVbZlOfH29PGNsoxbEloIdk=
github.com/sagernet/cronet-go/lib/android_arm64	v0.0.0-20260620135226-def9ff0fb992	h1:dlnG1E42xx8ms2fyZigYwsYJ1Gqoj2QT8WeGlpOAWK8=
github.com/sagernet/fswatch	v0.1.2	h1:/TT7k4mkce1qFPxamLO842WjqBgbTBiXP2mlUjp9PFk=
github.com/sagernet/gomobile	v0.1.12	h1:XwzjZaclFF96deLqwAgK8gU3w0M2A8qxgDmhV+A0wjg=
github.com/sagernet/gvisor	v0.0.0-20250811.0-sing-box-mod.1	h1:AzCE2RhBjLJ4WIWc/GejpNh+z30d5H1hwaB0nD9eY3o=
github.com/sagernet/netlink	v0.0.0-20240612041022-b9a21c07ac6a	h1:ObwtHN2VpqE0ZNjr6sGeT00J8uU7JF4cNUdb44/Duis=
github.com/sagernet/nftables	v0.3.0-mod.2	h1:ck2KMU02OxL1eDFgGaWYglMDpoOZ7OHzxje+vW5Q0OQ=
github.com/sagernet/quic-go	v0.59.0-sing-box-mod.4	h1:6qvrUW79S+CrPwWz6cMePXohgjHoKxLo3c+MDhNwc3o=
github.com/sagernet/sing	v0.8.11	h1:AKZRvjFPHtAXwGCjOJrzAQPiZxr8mobhuSUqkHf+VQw=
github.com/sagernet/sing-mux	v0.3.5	h1:RHnhVEc+SFqkrK4xMygYjDwwLhzp2Bj3lztSukONfhI=
github.com/sagernet/sing-quic	v0.6.1	h1:lx0tcm99wIA1RkyvILNzRSsMy1k7TTQYIhx71E/WBlw=
github.com/sagernet/sing-shadowsocks	v0.2.8	h1:PURj5PRoAkqeHh2ZW205RWzN9E9RtKCVCzByXruQWfE=
github.com/sagernet/sing-shadowsocks2	v0.2.1	h1:dWV9OXCeFPuYGHb6IRqlSptVnSzOelnqqs2gQ2/Qioo=
github.com/sagernet/sing-shadowtls	v0.2.1-0.20250503051639-fcd445d33c11	h1:tK+75l64tm9WvEFrYRE1t0YxoFdWQqw/h7Uhzj0vJ+w=
github.com/sagernet/sing-tun	v0.8.11	h1:BFu4+8LNl2JiTQtto5f+5AbkH90qgdoZEAqUbGiEXCg=
github.com/sagernet/sing-vmess	v0.2.8-0.20250909125414-3aed155119a1	h1:aSwUNYUkVyVvdmBSufR8/nRFonwJeKSIROxHcm5br9o=
github.com/sagernet/smux	v1.5.50-sing-box-mod.1	h1:XkJcivBC9V4wBjiGXIXZ229aZCU1hzcbp6kSkkyQ478=
github.com/sagernet/tailscale	v1.92.4-sing-box-1.13-mod.7	h1:8zc1Aph1+ElqF9/7aSPkO0o4vTd+AfQC+CO324mLWGg=
github.com/sagernet/wireguard-go	v0.0.2-beta.1.0.20260224074747-506b7631853c	h1:f9cXNB+IOOPnR8DOLMTpr42jf7naxh5Un5Y09BBf5Cg=
github.com/sagernet/ws	v0.0.0-20231204124109-acfe8907c854	h1:6uUiZcDRnZSAegryaUGwPC/Fj13JSHwiTftrXhMmYOc=
github.com/tailscale/goupnp	v1.0.1-0.20210804011211-c64d0f06ea05	h1:4chzWmimtJPxRs2O36yuGRW3f9SYV+bMTTvMBI0EKio=
github.com/tailscale/peercred	v0.0.0-20250107143737-35a0c7bd7edc	h1:24heQPtnFR+yfntqhI3oAu9i27nEojcQ4NuBQOo5ZFA=
github.com/vishvananda/netns	v0.0.5	h1:DfiHV+j8bA32MFM7bfEunvT8IAqQ/NzSJHtcmW5zdEY=
github.com/x448/float16	v0.8.4	h1:qLwI1I70+NjRFUR3zs1JPUCgaCXSh3SW62uAKT1mSBM=
go4.org/mem	v0.0.0-20240501181205-ae6ca9944745	h1:Tl++JLUCe4sxGu8cTpDzRLd3tN7US4hOxG5YpKCzkek=
go4.org/netipx	v0.0.0-20231129151722-fdeea329fbba	h1:0b9z3AuHCjxk0x/opv64kcgZLBseWJUpBw5I82+2U4M=
golang.org/x/crypto	v0.48.0	h1:/VRzVqiRSggnhY7gNRxPauEQ5Drw9haKdM0jqfcCFts=
golang.org/x/exp	v0.0.0-20251219203646-944ab1f22d93	h1:fQsdNF2N+/YewlRZiricy4P1iimyPKZ/xwniHj8Q2a0=
golang.org/x/mod	v0.33.0	h1:tHFzIWbBifEmbwtGz65eaWyGiGZatSrT9prnU8DbVL8=
golang.org/x/net	v0.50.0	h1:ucWh9eiCGyDR3vtzso0WMQinm2Dnt8cFMuQa9K33J60=
golang.org/x/oauth2	v0.34.0	h1:hqK/t4AKgbqWkdkcAeI8XLmbK+4m4G5YeQRrmiotGlw=
golang.org/x/sync	v0.19.0	h1:vV+1eWNmZ5geRlYjzm2adRgW2/mcpevXNg50YZtPCE4=
golang.org/x/sys	v0.41.0	h1:Ivj+2Cp/ylzLiEU89QhWblYnOE9zerudt9Ftecq2C6k=
golang.org/x/term	v0.40.0	h1:36e4zGLqU4yhjlmxEaagx2KuYbJq3EwY8K943ZsHcvg=
golang.org/x/text	v0.34.0	h1:oL/Qq0Kdaqxa1KbNeMKwQq0reLCCaFtqu2eNuSeNHbk=
golang.org/x/time	v0.11.0	h1:/bpjEDfN9tkoN/ryeYHnv5hcMlc8ncjMcM4XBk5NWV0=
google.golang.org/genproto/googleapis/rpc	v0.0.0-20251202230838-ff82c1b0f217	h1:gRkg/vSppuSQoDjxyiGfN4Upv/h/DQmIR10ZU8dh4Ww=
google.golang.org/grpc	v1.79.1	h1:zGhSi45ODB9/p3VAawt9a+O/MULLl9dpizzNNpq7flY=
google.golang.org/protobuf	v1.36.11	h1:fV6ZwhNocDyBLK0dj+fg8ektcVegBBuEolpbTQyBNVE=
lukechampine.com/blake3	v1.3.0	h1:sJ3XhFINmHSrYCgl958hscfIa3bw8x4DqMP3u1YvoYE=
